WORD,KFFRQ
A,23237
ABLE,216
ACE,15
ACHE,4
ACT,283
AD,11
ADD,88
ADS,10
AFT,5
AGE,227
AH,22
AI,1
AID,130
AIDE,9
AIM,37
AIN'T,46
AIR,257
AISLE,6
AL,24
ALE,1
ALL,3001
AM,228
AMPLE,16
AN,3747
AND,28852
ANT,6
ANTE,3
APE,3
APPLE,9
APT,15
ARC,41
ARCH,13
ARE,4393
ARM,94
ART,208
AS,7250
ASH,11
ASK,128
ASS,5
AT,5378
ATE,16
AUF,2
AUNT,22
AVE,13
AW,3
AWE,5
AX,6
AXE,6
AYE,1
BABE,8
BACK,967
BACKS,15
BAD,142
BADE,1
BADGE,5
BAFFLE,1
BAG,42
BAH,1
BAIL,7
BAIT,2
BAKE,12
BAL,1
BALD,5
BALE,5
BALL,110
BAN,7
BAND,53
BANG,7
BANK,83
BAR,82
BARD,3
BARE,29
BARGE,7
BARK,14
BARN,29
BARR,1
BARTH,5
BASE,91
BASS,16
BAST,1
BAT,18
BATCH,5
BATH,26
BATHE,4
BATS,6
BATTLE,87
BAY,57
BAYED,3
BAYOU,2
BE,6377
BEACH,61
BEAD,1
BEAM,21
BEAN,5
BEAR,57
BEARD,26
BEAST,7
BEAT,68
BEAU,2
BECK,1
BED,127
BEDE,3
BEE,11
BEECH,6
BEEF,32
BEEN,2472
BEER,34
BEG,11
BEIGE,1
BEIN,3
BEING,712
BEL,4
BELCH,2
BELL,18
BELLE,1
BELT,29
BEN,21
BENCH,35
BEND,24
BENT,34
BERNE,1
BERTH,4
BEST,351
BET,20
BETH,5
BEY,6
BEYOND,175
BIAS,8
BIB,2
BIBB,1
BIBLE,59
BID,22
BIDE,1
BIG,360
BILE,3
BILGE,2
BILL,143
BIN,9
BIND,4
BING,2
BINGE,1
BIRCH,2
BIRD,31
BIRTH,66
BISQUE,6
BIT,101
BITCH,6
BITE,10
BIZ,2
BLACK,203
BLADE,13
BLAKE,6
BLAME,34
BLAND,3
BLANK,14
BLAST,15
BLAZE,7
BLEAK,10
BLEAT,1
BLED,3
BLEED,2
BLEND,9
BLESS,9
BLEST,3
BLEW,12
BLIGHT,2
BLIMP,1
BLIND,47
BLINK,4
BLISS,4
BLITHE,2
BLITZ,3
BLOAT,8
BLOB,2
BLOC,10
BLOCK,66
BLOKE,1
BLOND,11
BLONDE,20
BLOOD,121
BLOOM,12
BLOT,6
BLOUSE,1
BLOW,33
BLOWN,9
BLUE,143
BLUFF,8
BLUNT,9
BLUR,3
BLUSH,2
BO,1
BOAR,1
BOARD,239
BOAST,8
BOAT,72
BOB,40
BOCK,1
BOG,1
BOIL,12
BOLD,21
BOLT,10
BOMB,36
BON,2
BOND,46
BONE,33
BONNE,1
BOO,1
BOOK,193
BOOM,8
BOON,3
BOOST,15
BOOT,13
BOOTH,7
BOOTS,20
BOOZE,4
BORE,24
BORN,113
BORNE,8
BOSCH,2
BOSS,20
BOTH,730
BOTTLE,76
BOUFFE,1
BOUGH,2
BOUGHT,56
BOUN,5
BOUNCE,8
BOUND,42
BOURN,1
BOUT,7
BOW,15
BOWL,23
BOX,70
BOY,242
BOYER,2
BRACE,14
BRAD,1
BRAE,1
BRAG,2
BRAILLE,1
BRAIN,45
BRAKE,2
BRAN,1
BRANCH,33
BRAND,17
BRASH,1
BRASS,19
BRAVE,24
BRAWL,1
BREACH,6
BREAD,41
BREADTH,7
BREAK,88
BREAST,11
BREATH,53
BREATHE,7
BRED,1
BREED,17
BREEZE,14
BREST,1
BRETT,4
BREVE,1
BREW,4
BRIBE,1
BRICK,18
BRIDE,33
BRIDGE,98
BRIEF,73
BRIG,2
BRIGHT,87
BRIM,4
BRING,158
BRINK,3
BRISK,7
BROACH,1
BROAD,84
BROD,1
BROIL,2
BROKE,72
BRONZE,11
BROOD,9
BROOK,3
BROOM,2
BROTH,3
BROUGHT,253
BROW,6
BROWN,176
BRUISE,3
BRUNT,1
BRUSH,44
BRUTE,6
BUCK,20
BUD,9
BUDGE,3
BUFF,5
BUG,4
BUGLE,2
BUILD,86
BUILT,103
BULB,7
BULGE,5
BULK,16
BULL,14
BUM,7
BUMP,5
BUN,1
BUNCH,17
BUNK,18
BUNT,3
BURKE,7
BURL,2
BURN,15
BURNT,6
BURR,7
BURST,33
BUS,34
BUSH,14
BUSS,1
BUST,7
BUT,4381
BUTT,12
BUTTE,1
BUY,70
BUZZ,13
BY,5305
BYE,2
CAB,12
CACHE,1
CADRE,3
CAGE,9
CAIN,2
CAKE,13
CAL,2
CALF,11
CALL,188
CALM,35
CAM,1
CAME,622
CAMP,75
CAN,1772
CAN'T,169
CANE,12
CANT,1
CAP,27
CAPE,20
CAPS,6
CAR,274
CARD,26
CARE,162
CARL,41
CARR,2
CART,5
CARTE,1
CARVE,3
CASE,362
CASH,36
CASK,1
CAST,45
CASTE,3
CASTLE,7
CAT,23
CATCH,43
CATTLE,97
CAUGHT,98
CAUSE,130
CAVE,9
CEASE,15
CEIL,1
CELL,65
CENT,158
CENTRE,2
CHAFE,1
CHAIN,50
CHAIR,66
CHAISE,1
CHALK,3
CHAMP,1
CHANCE,131
CHANGE,240
CHANT,2
CHAP,5
CHAR,1
CHARGE,122
CHARM,26
CHART,22
CHASE,18
CHAT,5
CHAW,1
CHEAP,24
CHEAT,3
CHECK,88
CHEEK,20
CHEER,8
CHEESE,9
CHEF,9
CHESS,3
CHEST,53
CHEW,2
CHIC,7
CHICK,3
CHIDE,2
CHIEF,119
CHILD,213
CHILDE,1
CHILE,1
CHILL,14
CHIN,27
CHIP,17
CHIVE,1
CHOICE,113
CHOIR,8
CHOKE,9
CHOMP,1
CHOOSE,50
CHOP,3
CHORD,7
CHORE,7
CHOSE,37
CHOW,2
CHRIST,97
CHROME,4
CHUCK,14
CHUCKLE,5
CHUM,1
CHUMP,1
CHUNK,2
CHURCH,348
CHUTE,2
CINCH,3
CITE,7
CLAD,7
CLAIM,98
CLAM,3
CLAN,2
CLANG,1
CLAP,1
CLAPS,2
CLARE,1
CLASH,5
CLASS,207
CLAUSE,9
CLAW,1
CLAY,100
CLEAN,70
CLEAR,219
CLEAT,1
CLEFT,2
CLENCH,1
CLERK,34
CLICK,2
CLIENT,15
CLIFF,11
CLIMB,12
CLINCH,2
CLING,6
CLINT,4
CLIP,6
CLIPS,2
CLIQUE,2
CLOAK,3
CLOCK,20
CLOD,1
CLOG,2
CLOSE,234
CLOT,3
CLOTH,43
CLOTHE,1
CLOUD,28
CLOUT,1
CLOVE,1
CLOWN,3
CLUB,145
CLUCK,3
CLUE,15
CLUMP,4
CLUMPS,4
CLUNG,14
CLUTCH,5
CO,48
COACH,24
COAL,32
COARSE,10
COAST,61
COAT,43
COAX,1
COBLE,1
COCK,5
COD,6
CODE,40
COE,5
COIL,6
COIN,10
COKE,4
COL,7
COLD,171
COLE,1
COLT,18
COMB,6
COMBE,1
COME,630
CON,7
CONE,13
COOK,47
COOL,62
COOP,3
COP,15
COPE,21
COPS,17
CORD,6
CORE,37
CORK,9
CORN,34
CORP,13
CORPS,109
CORPSE,7
COST,229
COUCH,12
COUGH,7
COULD,1599
COUNT,49
COUP,4
COUPE,2
COURSE,465
COURT,230
COUVE,1
COVE,2
COW,29
COX,5
COY,4
COYOTE,1
CRACK,21
CRACKLE,2
CRAFT,23
CRAIG,2
CRAMP,2
CRANE,5
CRANK,1
CRAP,3
CRASH,20
CRASS,2
CRATE,2
CRAVE,2
CRAWL,11
CRAZE,2
CREAK,1
CREAM,20
CREASE,1
CREATE,54
CRECHE,1
CREED,8
CREEK,14
CREEP,10
CREPE,1
CREPT,11
CREST,12
CREW,36
CRIB,5
CRIED,30
CRIME,34
CRIPPLE,1
CRISP,8
CROAK,1
CRONE,2
CROOK,3
CROP,20
CROSS,55
CROUCH,7
CROW,2
CROWD,53
CROWN,19
CRUDE,15
CRUEL,15
CRUISE,2
CRUMB,3
CRUMBLE,2
CRUMP,1
CRUNCH,2
CRUS,4
CRUSH,4
CRUST,1
CRUTCH,1
CRUX,2
CRY,48
CRYING,15
CRYPT,1
CUBE,1
CUD,1
CUFF,1
CULT,11
CUP,45
CUR,1
CURB,13
CURD,2
CURE,28
CURL,2
CURSE,11
CURT,32
CURVE,45
CUSP,2
CUT,192
CUTE,5
CYCLE,24
CZAR,1
D,90
DAD,15
DADE,2
DAG,7
DAK,1
DALE,5
DAM,5
DAME,7
DAMN,34
DAMP,16
DAN,27
DANCE,90
DANE,2
DANG,1
DANGLE,1
DANK,1
DANTE,2
DAPHNE,1
DARE,21
DARK,185
DARN,3
DAS,2
DASH,11
DATE,103
DAUNT,1
DAWN,28
DAY,686
DAZZLE,1
DE,122
DEAD,174
DEAF,12
DEAL,142
DEALT,22
DEAN,40
DEAR,54
DEARTH,3
DEATH,277
DEBT,13
DEC,17
DECK,23
DEED,8
DEEM,1
DEEP,109
DEER,13
DEFT,2
DEL,12
DELL,5
DEN,2
DENSE,9
DENT,2
DEPTH,53
DERE,1
DESK,65
DEW,3
DEY,2
DIAL,1
DICE,14
DICK,18
DID,1044
DIE,73
DIES,12
DIG,10
DIGS,1
DILL,12
DIM,19
DIME,4
DIN,1
DINE,2
DIP,6
DIRE,1
DIRGE,2
DIRT,43
DISC,6
DISH,16
DISK,25
DITCH,10
DIVE,23
DO,1363
DOCK,8
DODGE,11
DOE,1
DOES,485
DOG,75
DOING,163
DOLE,1
DOLL,10
DOME,17
DON,23
DON'T,489
DONE,320
DOO,2
DOOM,3
DOOR,312
DOPE,2
DORR,3
DOSE,11
DOST,1
DOT,13
DOUBLE,56
DOUBT,114
DOUCE,1
DOUGH,13
DOUR,2
DOVE,4
DOW,4
DOWN,895
DRAB,5
DRAFT,24
DRAG,15
DRAIN,18
DRAKE,2
DRAM,1
DRANK,19
DRAUGHT,1
DRAW,56
DRAWL,2
DRAWN,70
DREAD,9
DREAM,64
DRESS,67
DREW,68
DRIED,28
DRIER,3
DRIFT,18
DRILL,33
DRINK,82
DRIP,1
DRIVE,105
DRONE,3
DROOP,1
DROP,59
DROSS,4
DROUGHT,5
DROUTH,1
DROVE,62
DROWN,3
DRUG,24
DRUID,1
DRUM,11
DRUNK,37
DRY,68
DRYER,4
DRYING,29
DUAL,9
DUCK,9
DUCT,1
DUD,1
DUE,142
DUET,1
DUG,15
DUKE,11
DULL,27
DUMB,13
DUMP,4
DUMPS,1
DUN,1
DUNE,1
DUNG,2
DUSK,9
DUST,70
DUTCH,15
DWARF,3
DWELL,8
DWINDLE,2
DYEING,1
DYING,34
DYKE,1
E,101
EACH,877
EAR,29
EARL,12
EARN,16
EARTH,150
EASE,42
EAST,183
EAT,61
EAVE,1
EBB,1
EDGE,78
EEL,2
EGG,12
EH,8
EIGHT,104
EIGHTH,23
ELK,1
ELL,1
ELM,3
ELSE,176
EM,44
EN,7
END,410
ERE,1
ERR,1
EST,3
EVE,19
EWE,1
EX,2
EYE,122
EYED,7
F,70
FABLE,2
FACE,371
FACT,447
FAD,2
FADE,2
FAIL,37
FAIN,1
FAINT,25
FAIR,77
FAITH,111
FAKE,10
FALL,147
FALSE,29
FAME,18
FAN,18
FAR,427
FARCE,3
FARE,7
FARM,125
FAST,78
FAT,60
FATE,33
FAULT,22
FAWN,1
FAY,1
FAZE,1
FE,7
FEAR,127
FEAST,3
FEAT,6
FED,42
FEE,16
FEEBLE,8
FEED,123
FEEL,216
FEET,283
FEINT,2
FELL,92
FELT,357
FENCE,30
FER,2
FERN,1
FETCH,6
FETE,3
FEUD,1
FEW,601
FIANCE,1
FIAT,13
FIELD,274
FIEND,3
FIERCE,8
FIFE,1
FIFTH,38
FIG,72
FIGHT,98
FIKE,2
FILE,81
FILL,50
FILM,96
FILTH,2
FIN,2
FIND,399
FINE,161
FINN,1
FIR,2
FIRM,109
FIRST,1360
FISH,35
FISK,2
FIST,26
FIT,75
FITCH,1
FIVE,286
FIX,14
FLAG,16
FLAIL,1
FLAIR,8
FLAKE,1
FLAME,17
FLANGE,2
FLANK,2
FLARE,3
FLASH,21
FLASK,5
FLAT,67
FLAW,3
FLAX,3
FLEA,2
FLECK,1
FLED,28
FLEE,1
FLEET,17
FLESH,52
FLEW,27
FLEX,2
FLICK,2
FLIGHT,46
FLING,2
FLINT,4
FLIP,4
FLIRT,1
FLOAT,3
FLOCK,10
FLOE,1
FLOG,1
FLOOD,19
FLOOR,158
FLOP,1
FLOW,67
FLOWN,4
FLU,8
FLUENT,5
FLUFF,1
FLUKE,1
FLUNG,14
FLUSH,11
FLUTE,1
FLUX,30
FLY,33
FLYER,4
FLYING,43
FOAL,2
FOAM,37
FOE,8
FOG,25
FOH,1
FOIL,20
FOLD,7
FOLK,34
FOND,13
FOOD,147
FOOL,37
FOOT,70
FOR,9489
FORCE,230
FORD,24
FORE,7
FORGE,10
FORK,14
FORM,370
FORT,55
FORTE,6
FORTH,71
FOUGHT,46
FOUL,4
FOUND,536
FOUR,359
FOURTH,74
FOWL,1
FOX,13
FOY,2
FRAIL,8
FRAME,74
FRANC,1
FRANK,68
FRAU,1
FRAUD,8
FRAY,1
FREAK,4
FREE,260
FREEZE,6
FREIGHT,28
FRENCH,139
FRESH,82
FRET,1
FRIAR,1
FRIED,6
FRIEND,133
FRIEZE,13
FRIGHT,2
FRINGE,16
FRIST,1
FROCK,2
FROG,1
FROM,4369
FRONT,221
FROST,6
FROTH,1
FROWN,1
FROZE,5
FRUIT,35
FRY,2
FUEL,17
FULL,230
FUMBLE,1
FUN,44
FUND,62
FUNK,4
FUR,13
FUSE,5
FUSS,4
FUZZ,3
FY,1
G,50
GAB,1
GABLE,2
GAG,4
GAGE,4
GAGGLE,1
GAIN,74
GAIT,8
GALE,2
GALL,7
GALT,2
GAME,123
GANG,22
GAP,17
GARB,3
GARTH,14
GAS,98
GASH,1
GASP,3
GATE,37
GAUCHE,1
GAUGE,12
GAUL,1
GAUNT,6
GAUSS,2
GAUZE,1
GAVE,285
GAY,30
GAZE,12
GEAR,26
GEE,4
GEESE,3
GEL,2
GEM,4
GEN,23
GENE,9
GENRE,2
GENTLE,27
GEORGE,129
GERM,3
GET,750
GHOST,11
GHOUL,1
GIANT,23
GIAOUR,1
GIBE,1
GIFT,33
GIG,1
GILD,1
GILL,2
GILT,3
GIN,23
GIRD,1
GIRL,220
GIRTH,1
GIST,1
GIT,4
GIVE,391
GLAD,38
GLANCE,40
GLAND,9
GLARE,7
GLASS,99
GLAZE,11
GLEAM,4
GLEAN,1
GLEE,3
GLEN,7
GLIB,1
GLIDE,2
GLIMPSE,16
GLINT,2
GLOBE,13
GLOOM,14
GLOSS,1
GLOVE,9
GLOW,16
GLUE,8
GLUM,1
GNAW,1
GNOME,1
GO,626
GOA,1
GOAD,1
GOAL,60
GOAT,6
GOB,1
GOD,318
GOG,1
GOING,399
GOLD,52
GOLF,34
GONE,195
GOOD,807
GOODS,57
GOOSE,4
GORE,7
GORGE,1
GOSH,4
GOT,482
GOUGE,1
GOURD,2
GOUT,2
GOUTTE,1
GOWN,16
GRAB,16
GRACE,40
GRADE,35
GRAFF,1
GRAFT,1
GRAIL,2
GRAIN,27
GRAM,10
GRAND,48
GRANT,47
GRAPE,3
GRAPH,17
GRAPPLE,1
GRASP,17
GRASS,53
GRATE,3
GRAUNT,1
GRAVE,33
GRAY,80
GRAZE,1
GREASE,9
GREAT,665
GREED,3
GREEK,61
GREEN,116
GREET,7
GRET,1
GREW,64
GREY,12
GRIEF,10
GRILL,12
GRILLE,3
GRIM,14
GRIMM,2
GRIN,13
GRIND,2
GRIP,20
GRIPES,1
GRIS,1
GRIST,2
GRIT,1
GROAN,1
GROAT,1
GROIN,4
GROOM,5
GROOVE,2
GROPE,1
GROSS,66
GROUND,186
GROUP,390
GROVE,14
GROW,63
GROWL,4
GROWN,43
GROWTH,155
GRUB,2
GRUDGE,7
GRUFF,4
GRUMBLE,7
GRUNT,2
GUARD,48
GUESS,56
GUEST,39
GUIDE,36
GUILD,7
GUILE,1
GUILT,33
GUISE,6
GULF,22
GULL,1
GULP,2
GUM,14
GUN,118
GUSH,1
GUST,2
GUT,1
GUY,51
GUZZLE,1
GYM,2
GYP,6
H,74
HA,2
HABLE,1
HACK,3
HAD,5133
HAGGLE,1
HAIL,10
HAIR,148
HALE,2
HALF,275
HALL,152
HALT,10
HAM,19
HAN,13
HAND,431
HANG,26
HANK,17
HANS,44
HAP,1
HARD,202
HARE,1
HARK,3
HARM,25
HARP,1
HARSH,12
HART,13
HAS,2439
HASH,1
HAST,1
HASTE,9
HAT,56
HATCH,5
HATE,42
HATH,3
HAUL,5
HAUNT,4
HAVE,3941
HAW,1
HAWK,14
HAY,19
HAZE,7
HE,9543
HE'LL,31
HE'S,125
HEAD,424
HEAL,2
HEALTH,105
HEAP,14
HEAR,153
HEARD,247
HEARSE,1
HEARST,48
HEART,173
HEARTH,4
HEAT,97
HEAVE,2
HECK,1
HEDGE,2
HEED,8
HEEL,9
HEIGHT,35
HEIR,7
HELD,264
HELL,95
HELM,4
HELP,311
HEM,4
HEN,22
HENCE,58
HER,3037
HERB,7
HERD,22
HERE,750
HERS,16
HEY,15
HI,6
HICK,1
HID,6
HIDE,22
HIGH,497
HIKE,4
HILL,72
HILT,3
HIM,2619
HIND,6
HINGE,1
HINT,9
HIP,10
HIR,1
HIS,6997
HISS,2
HIT,115
HITCH,5
HIVE,2
HOARSE,5
HOB,1
HOG,3
HOIST,1
HOLD,169
HOLE,58
HOME,547
HONE,2
HONG,11
HOOCH,1
HOOD,7
HOOF,2
HOOK,5
HOOP,3
HOOT,9
HOP,2
HOPE,178
HORDE,2
HORN,31
HORS,1
HORSE,117
HOSE,9
HOSS,5
HOST,36
HOT,130
HOUGH,6
HOUND,7
HOUSE,591
HOVE,1
HOW,834
HOWL,4
HOY,1
HUB,11
HUCK,1
HUDDLE,4
HUE,1
HUFF,10
HUG,3
HUGE,54
HUGH,9
HULK,2
HULL,13
HUM,5
HUMP,2
HUN,2
HUNCH,7
HUNG,65
HUNK,2
HUNT,10
HURL,3
HURT,37
HUSH,4
HUT,13
HYMN,9
I,5173
I'M,268
I'VE,125
ICE,45
ICH,1
IDLE,13
IF,2199
IKE,4
ILL,39
IN,21341
INCH,40
IND,2
ING,1
INK,7
INN,9
IO,1
ION,6
IS,10099
ISLE,5
IST,1
IT,8756
IT'S,302
ITCH,5
ITS,1858
J,124
JAB,1
JACK,92
JADE,1
JAG,1
JAIL,21
JAM,6
JANE,35
JAR,16
JAW,16
JAY,15
JAZZ,99
JEAN,23
JEANS,1
JEE,1
JEEP,16
JEFF,3
JERK,2
JESS,33
JESSE,3
JEST,1
JET,29
JEW,26
JIG,8
JO,6
JOAN,14
JOB,238
JOE,55
JOEY,2
JOHN,362
JOIN,65
JOINT,39
JOKE,22
JOLT,4
JOSS,1
JOSTLE,1
JOT,1
JOUST,1
JOWL,2
JOY,40
JUDGE,77
JUG,6
JUICE,11
JUKE,2
JUMP,24
JUNE,93
JUNGLE,20
JUNK,8
JUST,872
K,20
KALE,1
KAN,3
KANT,2
KEEL,6
KEEN,11
KEEP,264
KEG,2
KELP,2
KEN,12
KEPT,186
KERN,8
KEY,88
KEYED,3
KEYS,34
KHAN,2
KIANG,1
KICK,16
KID,61
KILL,63
KIN,2
KIND,313
KING,88
KIRK,1
KISS,17
KIT,2
KITE,1
KNACK,4
KNEAD,1
KNEE,35
KNEEL,5
KNELT,8
KNEW,395
KNIFE,76
KNIGHT,18
KNIT,10
KNOB,2
KNOCK,15
KNOLL,2
KNOT,8
KNOW,683
KNOWN,245
KOB,1
KY,2
L,55
LA,61
LAB,3
LACE,7
LACK,110
LAD,6
LAG,3
LAID,77
LAIN,4
LAKE,54
LAMB,7
LAME,2
LAMP,18
LANCE,3
LAND,217
LANE,30
LANG,1
LAP,19
LAPSE,6
LARD,4
LARGE,361
LARK,2
LAS,5
LASH,6
LASS,2
LAST,676
LATCH,5
LATE,179
LATH,2
LATHE,1
LAUGH,28
LAUNCH,10
LAW,299
LAWN,15
LAX,3
LAY,139
LAYER,12
LAYING,12
LAZE,1
LE,14
LEAD,129
LEADS,33
LEAF,12
LEAGUE,69
LEAK,2
LEAN,20
LEAP,14
LEAPT,2
LEAR,4
LEARN,84
LEASE,10
LEASH,3
LEAST,343
LEAVE,205
LED,132
LEDGE,6
LEE,34
LEES,1
LEET,1
LEFT,480
LEG,58
LEND,14
LENGTH,116
LENS,12
LENT,5
LEON,5
LES,3
LESS,438
LEST,17
LET,384
LETCH,19
LEW,4
LEWD,3
LICE,2
LICK,3
LID,19
LIE,59
LIEN,2
LIEU,5
LIFE,715
LIFT,23
LIGHT,333
LIGHTS,47
LIKE,1290
LILT,1
LIMB,5
LIME,13
LIMP,12
LINE,298
LINK,16
LINKS,7
LINT,4
LION,17
LIP,18
LISLE,1
LISS,1
LIST,133
LIT,17
LITHE,4
LITTLE,831
LIVE,177
LO,22
LOAD,45
LOAF,4
LOAN,46
LOATH,3
LOB,1
LOBE,3
LOCK,23
LODGE,19
LOFT,2
LOG,11
LOIN,1
LOND,1
LONE,8
LONG,755
LOOK,399
LOOM,6
LOON,2
LOOP,21
LOOSE,53
LOOT,3
LOP,1
LOPE,2
LORD,93
LORE,7
LOSE,58
LOSS,86
LOST,173
LOT,127
LOUD,20
LOUNGE,9
LOUSE,3
LOUVRE,2
LOVE,232
LOW,174
LOWN,1
LOY,1
LOYAL,18
LUCK,47
LUG,2
LUKE,3
LULL,2
LUMP,7
LUNCH,33
LUNG,16
LUNGE,4
LUNGED,4
LURCH,3
LURE,7
LURK,1
LUSH,5
LUST,5
LUSTRE,2
LUTE,1
LYING,36
LYMPH,2
LYNN,5
LYON,3
M,84
MA,19
MA'AM,5
MAC,1
MACK,1
MAD,39
MADE,1125
MAG,1
MAID,31
MAIL,47
MAIN,119
MAINS,1
MAKE,794
MALE,37
MALL,3
MALT,1
MAN,1207
MANSE,1
MAP,13
MAR,7
MARBLE,21
MARC,2
MARCH,120
MARE,16
MARK,83
MARS,21
MARSH,4
MART,2
MASH,1
MASK,9
MASQUE,1
MASS,110
MAST,6
MAT,5
MATCH,41
MATE,21
MATH,4
MATT,3
MAUVE,1
MAW,2
MAY,1400
MAYBE,134
MAYOR,38
MAZE,6
ME,1181
MEAD,2
MEAL,30
MEAN,199
MEANS,310
MEANT,100
MEAT,45
MEEK,10
MEET,148
MEG,2
MELD,1
MELT,4
MEM,1
MEN,763
MEND,2
MERCE,1
MERE,47
MERGE,10
MERLE,1
MESH,4
MESS,22
MESSRS,3
MET,132
METRE,1
METTLE,2
MEW,1
MI,3
MICE,10
MID,2
MIDDLE,118
MIDGE,4
MIDST,19
MIEN,1
MIG,1
MIGHT,672
MIKE,91
MIL,1
MILD,14
MILE,48
MILK,49
MILL,11
MILT,2
MINCE,1
MIND,325
MINE,59
MINGLE,2
MINK,5
MINT,7
MIRTH,2
MISS,258
MIST,14
MITE,1
MIX,13
MO,8
MOAN,1
MOB,10
MOCK,8
MODE,21
MOIST,11
MOLD,45
MOLE,4
MOLL,5
MOM,3
MONDE,2
MONK,16
MONT,2
MONTH,130
MOOD,37
MOON,60
MOORS,2
MOOT,1
MOP,3
MOPS,1
MORE,2216
MORGUE,1
MORSE,29
MORT,2
MOSK,3
MOSQUE,10
MOSS,9
MOST,1160
MOT,1
MOTH,1
MOULD,1
MOUND,11
MOUNT,26
MOURN,2
MOUSE,10
MOUTH,103
MOVE,171
MUCH,937
MUCK,1
MUD,32
MUFF,1
MUG,1
MUIR,1
MULCH,6
MULE,4
MUM,1
MUMBLE,1
MUNCH,1
MUSCLE,42
MUSE,4
MUST,1013
MUTE,3
MY,1319
MYRRH,2
MYTH,35
N,41
NAB,1
NAE,1
NAIL,6
NAIVE,7
NAM,13
NAME,294
NAP,4
NAUGHT,2
NAY,2
NE,1
NEAL,4
NEAR,198
NEAT,21
NECK,81
NEED,360
NEEDLE,15
NEEDS,152
NERVE,12
NEST,20
NET,34
NEW,1635
NEWS,102
NEWT,8
NEXT,394
NICE,75
NICHE,3
NICK,25
NIECE,8
NIGH,1
NIGHT,411
NIL,1
NINE,81
NINTH,20
NIOBE,1
NIP,3
NO,2201
NOB,1
NOBLE,23
NOD,12
NOISE,37
NOLL,1
NON,10
NONCE,1
NONE,108
NOON,25
NOOSE,3
NOPE,1
NOR,195
NORM,10
NORTH,206
NOSE,60
NOT,4609
NOTCH,6
NOTE,127
NOUN,1
NOV,21
NOW,1314
NUANCE,1
NUDE,20
NUDGE,2
NULL,13
NUMB,4
NUN,2
NURSE,17
NUT,15
NYMPH,1
O,55
OAK,15
OATH,6
OCH,2
OCT,24
ODD,44
ODDS,14
OF,36411
OFF,639
OFT,1
OH,119
OIL,93
OLD,660
ON,6742
ONCE,499
ONE,3292
OOZE,2
OR,4207
ORB,1
ORE,3
OS,1
OUGHT,68
OUNCE,3
OUR,1252
OUST,3
OUT,2096
OWE,10
OWL,2
OWN,772
OX,5
OZ,2
P,83
PA,32
PACE,43
PACK,25
PACT,5
PAD,8
PAGE,66
PAH,4
PAID,145
PAIL,4
PAIN,88
PAINT,37
PAIR,50
PAL,2
PALE,58
PALL,4
PALM,22
PAM,8
PAN,16
PANE,3
PANTS,9
PAP,1
PAR,13
PARE,2
PARK,94
PART,500
PAS,6
PASS,89
PAST,281
PASTE,10
PAT,35
PATCH,13
PATE,2
PATH,44
PAUL,38
PAUNCH,2
PAUSE,21
PAVE,2
PAW,3
PAWN,2
PAX,1
PAY,172
PEACE,198
PEACH,3
PEAK,16
PEAL,1
PEAR,6
PEARL,9
PEBBLE,1
PECK,5
PEE,3
PEEL,3
PEEP,2
PEER,8
PEG,4
PEN,18
PENS,2
PEOPLE,847
PER,371
PERCH,1
PERK,1
PERSE,2
PERT,2
PEST,4
PET,8
PHASE,72
PHI,2
PHLOEM,1
PHONE,54
PHRASE,34
PI,3
PICK,55
PIE,14
PIECE,129
PIER,3
PIERCE,6
PIG,8
PIKE,41
PILE,25
PILL,15
PIMP,3
PIN,16
PINCH,6
PINE,14
PINK,48
PINT,13
PIP,23
PIPE,20
PIQUE,2
PISS,1
PIT,14
PITCH,22
PITH,1
PLACE,571
PLAGUE,6
PLAID,1
PLAIN,48
PLAN,205
PLANE,114
PLANK,7
PLANT,125
PLATE,22
PLAY,200
PLAYING,101
PLEA,11
PLEAD,5
PLEASE,62
PLEDGE,3
PLIGHT,7
PLOD,1
PLOT,37
PLUCK,2
PLUG,23
PLUM,1
PLUMB,5
PLUME,2
PLUMP,4
PLUNGE,5
PLUS,72
PLUSH,3
PO,3
POACH,1
POD,3
POEM,48
POINT,395
POISE,6
POKE,1
POLE,18
POLL,9
POMP,1
POND,25
PONS,4
POODLE,2
POOL,111
POOR,113
POP,8
POPE,40
PORCH,43
PORE,2
PORK,10
PORT,21
POSE,11
POST,84
POT,28
POUCH,2
POUND,28
POUR,9
POUT,1
PRAISE,17
PRAM,1
PRANK,1
PRAY,12
PRAYING,3
PREACH,8
PREAMBLE,4
PREP,2
PRESS,127
PREY,7
PRICE,108
PRICK,2
PRIDE,42
PRIEST,16
PRIM,1
PRIME,45
PRINCE,33
PRINT,18
PRIZE,28
PRO,16
PROBE,6
PROD,2
PROMPT,11
PRONE,14
PROOF,40
PROP,7
PROSE,14
PROUD,50
PROVE,53
PROW,1
PROWL,2
PRUNE,1
PRY,6
PSALM,4
PSYCHE,7
PUB,1
PUFF,1
PUKE,1
PULL,51
PULP,5
PULSE,9
PUMP,11
PUN,1
PUNCH,5
PUNK,2
PUP,2
PURE,56
PURGE,2
PURSE,14
PUSH,37
PUT,437
PUTT,7
Q,2
QUA,2
QUACK,9
QUAINT,12
QUAKE,2
QUART,3
QUARTZ,1
QUEEN,41
QUEER,6
QUELCH,1
QUELL,3
QUENCH,1
QUEST,16
QUICK,68
QUILL,9
QUINCE,2
QUINT,11
QUIRK,1
QUIRT,8
QUIT,15
QUITE,281
QUITS,1
QUIZ,2
QUOD,1
QUOTE,17
R,66
RABBLE,2
RACE,103
RACK,9
RAFT,4
RAG,10
RAGE,16
RAID,10
RAIL,16
RAIN,70
RAISE,52
RAKE,11
RAM,2
RAMP,6
RAN,134
RANCH,27
RAND,1
RANG,21
RANGE,160
RANK,24
RAP,2
RAPE,5
RAPT,1
RARE,41
RASH,1
RASP,2
RAT,6
RATE,209
RAW,43
RAY,19
RE,2
REACH,106
READ,173
REAL,260
REALM,19
REAP,3
REAR,51
RED,197
REED,5
REEF,11
REEK,2
REEL,2
REICH,6
REIGN,7
REIN,3
REINS,9
REND,1
RENT,21
REP,13
REPS,3
REST,163
RETCH,1
REV,33
REX,5
RHEUM,1
RHINE,7
RHYME,3
RIB,1
RICE,33
RICH,74
RID,19
RIDE,49
RIDGE,18
RIFFLE,1
RIFT,1
RIG,5
RIGHT,613
RIM,5
RIME,1
RING,47
RINK,2
RINSE,6
RIP,6
RIPE,14
RIPPLE,5
RISE,102
RISK,54
RITE,8
ROACH,2
ROAD,197
ROAM,6
ROAR,13
ROAST,10
ROB,19
ROBE,6
ROCK,75
ROD,18
RODE,40
ROE,1
ROGUE,1
ROLE,104
ROLL,35
ROME,70
ROMP,1
ROOF,59
ROOM,383
ROOST,1
ROOT,30
ROPE,15
ROSE,86
ROSS,11
ROT,8
ROUGE,7
ROUGH,41
ROUND,81
ROUSE,2
ROUTE,43
ROVE,1
ROW,35
ROYAL,48
RUB,6
RUBBLE,1
RUDE,6
RUE,6
RUG,13
RULE,73
RUM,3
RUMP,2
RUN,212
RUNG,3
RUNT,1
RUSE,2
RUSH,20
RUSK,10
RUSS,21
RUST,10
RUT,1
RUTH,23
RYE,4
S,135
SACK,8
SACRE,1
SAD,35
SAFE,58
SAG,4
SAGE,2
SAID,1961
SAIL,12
SAINT,16
SAITH,4
SAKE,41
SALE,44
SALLE,2
SALT,46
SALVE,3
SAM,79
SAME,686
SAMPLE,57
SAN,70
SAND,28
SANE,8
SANG,29
SANK,18
SANS,2
SAP,1
SASH,3
SAT,150
SAUCE,20
SAUTE,1
SAVE,62
SAW,352
SAX,6
SAY,504
SAYING,113
SAYS,200
SCALD,1
SCALE,60
SCALP,4
SCAN,5
SCANT,5
SCAR,10
SCARCE,6
SCARE,3
SCARF,4
SCENE,106
SCENT,6
SCHEME,33
SCHNAPPS,1
SCHOOL,492
SCIENCE,131
SCOOP,5
SCOP,1
SCOPE,27
SCOPS,1
SCORE,66
SCORN,4
SCOT,1
SCOTCH,5
SCOTS,8
SCOURGE,2
SCOUT,8
SCRAP,8
SCRAPE,3
SCRATCH,9
SCREAM,13
SCREECH,1
SCREEN,48
SCREW,21
SCRIBE,4
SCRIM,1
SCRIPT,11
SCRUB,9
SCUFF,1
SCUSE,1
SE,9
SEA,95
SEAL,17
SEAM,9
SEAR,2
SEARCH,66
SEAT,54
SEC,19
SECT,2
SEE,772
SEED,41
SEEING,86
SEEK,69
SEEM,229
SEEN,279
SEEP,2
SEIZE,6
SELF,40
SELL,41
SEN,30
SEND,74
SENSE,311
SENT,145
SEPT,35
SEQ,1
SERGE,5
SERVE,107
SET,414
SEW,6
SEWN,1
SEX,84
SHACK,1
SHADE,28
SHAFT,11
SHAG,1
SHAH,2
SHAKE,17
SHALL,267
SHAM,1
SHAME,21
SHAN'T,1
SHANK,1
SHAPE,85
SHARE,98
SHARP,72
SHAVE,6
SHAW,9
SHAWL,3
SHAY,1
SHE,2859
SHEA,10
SHEAF,3
SHEAR,40
SHEATH,4
SHED,11
SHEEN,2
SHEEP,23
SHEER,15
SHEET,45
SHEIK,4
SHELF,12
SHELL,22
SHIELD,8
SHIFT,41
SHIM,1
SHIN,3
SHINE,5
SHIP,83
SHIRT,27
SHIT,2
SHOCK,31
SHOD,2
SHOE,14
SHONE,5
SHOOK,57
SHOOT,27
SHOP,63
SHORE,61
SHORT,212
SHOT,112
SHOULD,888
SHOUT,9
SHOVE,2
SHOW,287
SHOWN,166
SHRANK,1
SHRED,3
SHREWD,8
SHRIEK,5
SHRILL,7
SHRIMP,2
SHRINE,7
SHRINK,5
SHROVE,1
SHRUB,1
SHRUG,2
SHUN,1
SHUNT,1
SHUT,46
SHUTE,1
SHY,13
SI,1
SIC,4
SICK,51
SIDE,380
SIDLE,1
SIEGE,6
SIEVE,1
SIGH,11
SIGHT,86
SIGN,94
SILK,12
SILL,4
SIMPLE,161
SIN,53
SINCE,628
SINE,4
SING,34
SINGLE,172
SINK,23
SIP,2
SIR,95
SIT,67
SITE,64
SIX,220
SIXTH,26
SIZE,138
SIZZLE,1
SKATE,1
SKEET,2
SKETCH,16
SKI,5
SKID,2
SKIFF,9
SKILL,42
SKIN,47
SKIP,5
SKIRT,21
SKIT,1
SKULK,1
SKULL,3
SKY,58
SKYE,1
SLAB,9
SLACK,9
SLAM,3
SLANG,2
SLANT,3
SLAP,2
SLASH,3
SLAT,2
SLATE,10
SLAVE,30
SLAYING,3
SLEEK,2
SLEEP,65
SLEET,1
SLEEVE,11
SLEIGHT,1
SLEPT,27
SLICE,13
SLICK,7
SLID,24
SLIDE,20
SLIGHT,53
SLIM,20
SLING,1
SLIP,19
SLIT,6
SLOB,4
SLOE,2
SLOOP,1
SLOP,2
SLOPE,19
SLOT,6
SLOUCH,1
SLOUGH,1
SLOW,60
SLUDGE,4
SLUG,10
SLUICE,2
SLUM,8
SLUMP,8
SLUNG,2
SLY,5
SMACK,4
SMALL,542
SMART,21
SMASH,4
SMEAR,2
SMELL,34
SMELT,3
SMILE,58
SMIRK,3
SMITH,54
SMOG,1
SMOKE,41
SMOOTH,42
SMUG,7
SNACK,6
SNAG,3
SNAIL,1
SNAKE,44
SNAP,12
SNARE,1
SNATCH,4
SNEAD,2
SNEAK,2
SNEER,1
SNICK,1
SNIFF,2
SNIFFLE,1
SNOOK,1
SNOOP,1
SNORT,3
SNOUT,1
SNOW,59
SNUG,2
SO,1984
SOAK,7
SOAP,22
SOCK,4
SOD,3
SOE,1
SOFT,61
SOIL,54
SOL,3
SOLD,47
SOLE,18
SOLVE,20
SOMBRE,2
SOME,1617
SON,166
SONG,70
SOON,199
SOOT,1
SOOTHE,2
SOP,1
SORE,10
SORT,164
SOU,1
SOUFFLE,1
SOUGHT,55
SOUL,47
SOUND,204
SOUP,16
SOUR,3
SOURCE,94
SOUTH,240
SOW,3
SOWN,3
SOY,1
SPA,2
SPACE,184
SPADE,10
SPAN,19
SPARE,23
SPARK,12
SPARSE,5
SPAT,9
SPATE,2
SPEAK,110
SPEAR,7
SPEC,1
SPECK,7
SPED,9
SPEECH,61
SPEED,83
SPEER,1
SPELL,19
SPEND,53
SPENT,104
SPHERE,22
SPHINX,1
SPICE,4
SPIKE,2
SPILL,1
SPIN,5
SPINE,6
SPIRE,5
SPIT,11
SPITE,56
SPITTLE,2
SPLASH,3
SPLEEN,2
SPLICE,1
SPLIT,30
SPLURGE,1
SPOIL,3
SPOKE,87
SPONGE,7
SPOOF,1
SPOON,6
SPORT,17
SPOT,57
SPOUSE,3
SPOUT,1
SPRANG,13
SPRAWL,3
SPRAY,16
SPREAD,83
SPREE,4
SPRIG,1
SPRING,127
SPRITE,1
SPROUT,1
SPRUCE,5
SPRUE,2
SPRUNG,8
SPUME,1
SPUN,16
SPUR,13
SPURT,2
SPY,9
SQUAD,18
SQUALL,7
SQUARE,143
SQUASH,2
SQUAT,7
SQUAW,1
SQUAWK,1
SQUEAK,1
SQUEAL,1
SQUEEZE,11
SQUINT,1
SQUIRE,5
SQUIRT,1
STAB,3
STACK,9
STAFF,113
STAG,8
STAGE,174
STAID,1
STAIN,6
STAIR,2
STAKE,20
STALE,4
STALL,18
STAMP,8
STANCE,6
STANCH,1
STAND,148
STAPLE,1
STAR,25
STARCH,4
STARE,14
STARK,7
STARR,1
START,154
STARTLE,1
STARVE,1
STATE,808
STAUNCH,3
STAVE,2
STAY,113
STAYING,17
STEAD,5
STEAK,10
STEAL,5
STEALTH,5
STEAM,17
STEED,1
STEEL,45
STEEP,13
STEER,9
STEIN,18
STEM,29
STENCH,1
STEP,131
STERN,23
STEW,5
STICK,39
STIFF,21
STIFLE,2
STILL,782
STING,5
STINK,3
STINT,6
STIR,7
STITCH,3
STOCK,147
STOLE,10
STONE,58
STOOD,212
STOOL,8
STOOP,4
STOP,120
STORE,74
STORM,26
STOUT,3
STOVE,15
STRAFE,2
STRAGGLE,2
STRAIGHT,114
STRAIN,31
STRAIT,5
STRAND,7
STRANGE,84
STRAP,2
STRAW,15
STRAY,12
STREAK,10
STREAM,51
STREET,244
STRENGTH,136
STRESS,107
STRETCH,26
STRICT,11
STRIDE,16
STRIFE,6
STRIKE,50
STRING,19
STRIP,30
STRIPE,4
STRIVE,7
STRODE,10
STROKE,19
STROLL,4
STRONG,202
STROVE,4
STRUCK,59
STRUNG,4
STRUT,3
STUB,3
STUBBLE,2
STUCK,23
STUD,7
STUFF,32
STUMP,2
STUNG,2
STUNK,1
STUNT,1
STYLE,98
SUAVE,2
SUB,5
SUCH,1303
SUCK,5
SUDS,9
SUE,18
SUING,1
SUIT,48
SUITE,27
SUM,45
SUN,112
SUNG,18
SUNK,6
SUNT,1
SUP,1
SURE,264
SURF,1
SURGE,9
SVELTE,1
SWAM,6
SWAMP,5
SWAN,3
SWANK,1
SWAP,2
SWARM,3
SWART,1
SWATH,1
SWAY,5
SWAYED,9
SWAYING,3
SWEAR,10
SWEAT,23
SWEEP,15
SWEET,70
SWELL,7
SWEPT,34
SWERVE,2
SWIFT,32
SWIG,2
SWIM,15
SWINE,3
SWING,24
SWIPE,2
SWIRL,2
SWISS,14
SWITCH,43
SWOOP,2
SWORD,7
SWORE,14
SWORN,5
SWUM,1
SWUNG,48
T,32
TAB,1
TACK,4
TACT,6
TAFT,1
TAG,5
TAIL,24
TAINT,1
TAKE,611
TALE,21
TALK,154
TALL,55
TAME,5
TAMP,1
TAN,9
TANG,4
TANK,12
TAP,18
TAPE,35
TAR,12
TART,7
TASK,60
TASTE,59
TAT,1
TAU,1
TAUGHT,50
TAUNT,4
TAUT,8
TAX,197
TEA,28
TEACH,41
TEAM,83
TEAR,11
TEASE,6
TED,7
TEE,5
TEEN,6
TEENS,5
TEETH,103
TELL,268
TEMPLE,38
TEMPT,2
TEN,165
TEND,43
TENSE,15
TENT,20
TENTH,7
TER,1
TERM,79
TERSE,2
TEST,119
TEXT,60
THAN,1789
THANK,36
THAR,2
THAT,10595
THAW,6
THE,69971
THEE,17
THEFT,10
THEIR,2670
THEIRS,21
THEM,1789
THEME,55
THEN,1377
THENCE,6
THERE,2724
THESE,1573
THEY,3618
THICK,67
THIEF,8
THIGH,9
THIMBLE,1
THIN,92
THINE,1
THING,333
THINK,433
THIRD,190
THIRST,4
THIS,5146
THO,1
THONG,1
THOR,9
THORN,3
THORP,2
THORPE,4
THOSE,850
THOU,14
THOUGH,442
THOUGHT,515
THRASH,1
THREAD,15
THREAT,42
THREE,610
THREW,46
THRICE,1
THRIFT,5
THRILL,5
THRIVE,1
THROAT,51
THRONE,5
THRONG,3
THROUGH,969
THROW,42
THROWN,40
THRUSH,2
THRUST,22
THUD,3
THUG,1
THULE,1
THUMB,10
THUMP,3
THUS,312
THWACK,1
THWART,3
THY,12
TICK,3
TIDE,11
TIE,23
TIFT,1
TIGHT,28
TILE,16
TILL,50
TILT,5
TILTH,1
TIMBRE,2
TIME,1599
TIN,12
TINT,1
TIP,22
TIPPLE,1
TIS,2
TITLE,77
TITRE,2
TO,26149
TOAD,4
TOAST,19
TOCH,1
TOE,9
TOIL,1
TOLD,413
TOLL,16
TOM,63
TOMB,11
TON,13
TONE,78
TONG,1
TONGS,1
TONGUE,35
TOO,832
TOOK,426
TOOL,40
TOOT,3
TOOTH,20
TOP,204
TORCH,2
TORE,15
TORN,25
TORQUE,5
TOSS,9
TOTE,1
TOUCH,87
TOUGH,36
TOUR,43
TOUT,1
TOW,1
TOWN,212
TOY,4
TOYING,1
TRACE,23
TRACK,38
TRACT,17
TRADE,143
TRAIL,31
TRAIN,82
TRAIT,3
TRAMP,1
TRAMPLE,3
TRANCE,4
TRAP,20
TRAPS,8
TRASH,2
TRAY,18
TREAD,5
TREAT,26
TREBLE,2
TREE,59
TREK,2
TREMBLE,10
TRENCH,2
TREND,46
TRIAL,134
TRIBE,4
TRICK,15
TRIED,170
TRIG,10
TRILL,3
TRIM,20
TRIP,81
TRIPE,1
TRIPLE,5
TRITE,2
TROOP,16
TROT,12
TROUGH,3
TROUPE,3
TROUT,4
TROY,3
TRUANT,1
TRUCE,5
TRUCK,57
TRUE,231
TRUMP,1
TRUNK,8
TRUST,52
TRUTH,126
TRY,140
TRYING,163
TSAR,1
TUB,13
TUBE,31
TUCK,2
TUG,3
TULLE,1
TUNE,10
TURF,3
TURK,5
TURN,233
TWAIN,1
TWEED,5
TWELFTH,5
TWELVE,48
TWICE,74
TWIN,7
TWINGE,3
TWIST,18
TWITCH,3
TWO,1412
TYING,5
TYPE,200
U,91
UGH,1
UM,5
UN,2
UNCLE,57
UP,1895
URGE,21
URN,2
US,672
USE,589
USED,612
V,31
VADE,2
VAGUE,25
VAIL,3
VAIN,10
VALE,4
VALVE,3
VAMP,1
VAN,32
VASE,4
VAST,61
VAULT,2
VEAL,1
VEER,2
VEIL,8
VEIN,25
VELDT,1
VENT,10
VERB,4
VERGE,2
VERSE,28
VERSED,2
VERVE,4
VEST,4
VET,1
VEX,1
VIA,48
VIC,4
VICE,41
VIEW,186
VILE,5
VINE,4
VIVE,1
VIZ,1
VOGUE,6
VOICE,226
VOID,10
VOL,2
VOTE,75
VOW,2
VOYAGE,17
WADE,2
WAGE,56
WAIL,3
WAIST,11
WAIT,94
WAIVE,1
WAKE,23
WALK,100
WALL,160
WALT,5
WALTZ,1
WAN,2
WAND,1
WANT,329
WAR,464
WARD,25
WARE,1
WARM,67
WARMTH,28
WARN,11
WARP,4
WART,11
WAS,9816
WASH,37
WASP,2
WASTE,35
WATCH,81
WATT,2
WAVE,46
WAX,14
WAY,909
WE,2653
WE'RE,61
WEAK,32
WEALTH,22
WEAR,36
WEAVE,4
WEB,6
WED,2
WEDGE,4
WEE,5
WEED,1
WEEK,275
WEEP,14
WEIGH,4
WEIGHT,91
WEIR,2
WEIRD,10
WELD,4
WELL,897
WELSH,4
WENT,507
WEPT,9
WERE,3284
WEREN'T,22
WERT,2
WEST,235
WET,53
WHACK,1
WHARF,4
WHAT,1908
WHEAT,9
WHEEL,56
WHEN,2331
WHENCE,3
WHERE,938
WHICH,3562
WHIFF,1
WHIG,6
WHILE,680
WHIM,2
WHINE,4
WHIP,19
WHIR,3
WHIRL,3
WHIT,1
WHITE,365
WHIZ,2
WHO,2252
WHOA,1
WHOLE,309
WHOM,146
WHOOP,1
WHOOSH,1
WHORE,2
WHOSE,252
WHY,404
WICK,4
WIDE,125
WIDTH,14
WIELD,1
WIFE,228
WIG,1
WIGGLE,1
WILD,56
WILL,2244
WILT,3
WIN,55
WIND,63
WINE,72
WING,18
WINK,7
WIPE,10
WIRE,42
WIS,1
WISE,36
WISH,110
WISP,2
WIT,20
WITCH,5
WITH,7289
WOBBLE,3
WOE,5
WOKE,14
WOLD,1
WOLF,6
WOMB,1
WON,68
WON'T,105
WONT,2
WOO,3
WOOD,55
WOOL,10
WOP,1
WORD,274
WORE,65
WORK,760
WORLD,787
WORM,4
WORN,23
WORSE,50
WORST,34
WORTH,94
WOULD,2714
WOUND,28
WOUNDS,8
WOVE,3
WOW,1
WRACK,1
WRAP,5
WRATH,9
WREAK,1
WREATH,8
WRECK,8
WREST,1
WRESTLE,2
WRETCH,1
WRIGHT,46
WRING,2
WRIST,10
WRIT,7
WRITE,106
WRITHE,2
WRONG,129
WROTE,181
WROUGHT,3
WRY,5
X,1
Y,11
YACHT,4
YALE,13
YANK,7
YARD,35
YARN,14
YAWL,1
YAWN,2
YAWS,1
YE,11
YEA,3
YEAR,660
YEARN,1
YEAST,3
YELL,9
YELP,2
YEN,3
YES,144
YET,419
YIELD,35
YOKE,3
YOLK,1
YON,1
YORE,2
YORK,301
YOU,3286
YOUNG,385
YOUR,923
YOURS,25
YOUTH,82
YOW,5
ZEAL,8
ZEME,1
ZEST,5
ZINC,10
ZION,6
ZIP,1
ZONE,11
ZOO,9
ZOUNDS,2

